{
  "project_name": "StockPilot AI",
  "version": "1.0.0",
  "packaging_timestamp": "2025-09-11T16:34:25.521941",
  "package_structure": {
    "1_source_code": {
      "frontend": [
        "frontend/src",
        "frontend/public",
        "frontend/package.json",
        "frontend/README.md"
      ],
      "backend": [
        "backend/*.py",
        "backend/services",
        "backend/requirements.txt"
      ],
      "configs": [
        "*.yml",
        "*.yaml",
        "*.json",
        "docker-compose.*",
        "Dockerfile*"
      ]
    },
    "2_documentation": {
      "api_docs": [
        "backend/api_*.json",
        "backend/*_report.json"
      ],
      "user_guides": [
        "*/README.md",
        "docs/*"
      ],
      "technical_specs": [
        "backend/test_*.py",
        "backend/*_checklist.py"
      ]
    },
    "3_deployment": {
      "docker": [
        "Dockerfile*",
        "docker-compose*",
        "*/Dockerfile*"
      ],
      "cloud_configs": [
        "render.yaml",
        "vercel.json",
        ".github/workflows/*"
      ],
      "scripts": [
        "*/*.sh",
        "scripts/*"
      ]
    },
    "4_quality_assurance": {
      "test_reports": [
        "backend/*_results.json",
        "backend/*_report.*"
      ],
      "test_scripts": [
        "backend/test_*.py",
        "backend/e2e_*.py"
      ],
      "quality_metrics": [
        "backend/*_checklist.py",
        "backend/*_automation.py"
      ]
    },
    "5_assets_and_configs": {
      "frontend_assets": [
        "frontend/public/*",
        "frontend/src/assets/*"
      ],
      "environment_configs": [
        "*/.env*",
        "*/config/*"
      ],
      "database_schemas": [
        "backend/schemas/*",
        "backend/models/*"
      ]
    }
  },
  "packaged_files_summary": {
    "source_code": 105,
    "deployment": 36,
    "quality_assurance": 16
  },
  "total_files": 157,
  "technologies": {
    "frontend": [
      "React 18",
      "TypeScript",
      "Material-UI",
      "WebSocket"
    ],
    "backend": [
      "Python 3.13",
      "FastAPI",
      "WebSocket",
      "PostgreSQL",
      "Redis"
    ],
    "deployment": [
      "Docker",
      "Docker Compose",
      "Render",
      "Vercel"
    ],
    "testing": [
      "Python unittest",
      "E2E Automation",
      "API Testing"
    ]
  },
  "features": [
    "Real-time stock data streaming",
    "AI-powered investment signals",
    "Multi-channel notification system",
    "CSV data upload and processing",
    "Comprehensive monitoring dashboard",
    "Multi-language support (Korean/English)"
  ],
  "deployment_ready": true,
  "quality_assurance": {
    "api_tests": "Completed",
    "e2e_tests": "Automated framework implemented",
    "deployment_verified": "Render/Vercel ready",
    "notification_tests": "100% channel coverage",
    "csv_upload_tests": "Comprehensive validation",
    "ui_branding_check": "Completed"
  }
}