{
  "schema_version": "1.0",
  "schemas": {
    "connection": {
      "version": "1.0",
      "description": "웹소켓 연결 성공 메시지",
      "properties": {
        "type": { "type": "string", "const": "connection" },
        "status": { "type": "string", "enum": ["connected", "disconnected"] },
        "client_id": { "type": "string" },
        "market": { "type": "string", "const": "US" },
        "services": {
          "type": "object",
          "properties": {
            "stock_data": { "type": "boolean" },
            "currency_exchange": { "type": "boolean" },
            "news_analysis": { "type": "boolean" },
            "ai_signals": { "type": "boolean" }
          }
        },
        "available_channels": {
          "type": "array",
          "items": { "type": "string" }
        },
        "timestamp": { "type": "string", "format": "date-time" },
        "schema_version": { "type": "string", "default": "1.0" }
      },
      "required": ["type", "status", "client_id", "market", "timestamp"]
    },
    "us_stocks": {
      "version": "1.0",
      "description": "미국 주식 실시간 데이터",
      "properties": {
        "type": { "type": "string", "const": "us_stocks" },
        "payload": {
          "type": "object",
          "properties": {
            "stocks": {
              "type": "array",
              "items": {
                "type": "object",
                "properties": {
                  "symbol": { "type": "string", "pattern": "^[A-Z]{1,5}$" },
                  "company_name": { "type": "string" },
                  "current_price": { "type": "number", "minimum": 0 },
                  "change": { "type": "number" },
                  "change_percent": { "type": "number" },
                  "volume": { "type": "number", "minimum": 0 },
                  "market_cap": { "type": "number", "minimum": 0 },
                  "market_state": { "type": "string", "enum": ["REGULAR", "CLOSED", "PRE", "POST"] },
                  "timestamp": { "type": "string", "format": "date-time" }
                },
                "required": ["symbol", "company_name", "current_price", "change", "change_percent", "volume", "market_state", "timestamp"]
              }
            },
            "market": { "type": "string", "const": "US" },
            "count": { "type": "number", "minimum": 0 }
          },
          "required": ["stocks", "market", "count"]
        },
        "timestamp": { "type": "string", "format": "date-time" },
        "schema_version": { "type": "string", "default": "1.0" }
      },
      "required": ["type", "payload", "timestamp"]
    },
    "exchange_rates": {
      "version": "1.0", 
      "description": "환율 실시간 데이터",
      "properties": {
        "type": { "type": "string", "const": "exchange_rates" },
        "payload": {
          "type": "object",
          "properties": {
            "rates": {
              "type": "array",
              "items": {
                "type": "object",
                "properties": {
                  "pair": { "type": "string", "pattern": "^[A-Z]{3}/[A-Z]{3}$" },
                  "rate": { "type": "number", "minimum": 0 },
                  "change_percent": { "type": "number" },
                  "timestamp": { "type": "string", "format": "date-time" }
                },
                "required": ["pair", "rate", "timestamp"]
              }
            },
            "base_currency": { "type": "string", "const": "USD" }
          },
          "required": ["rates", "base_currency"]
        },
        "timestamp": { "type": "string", "format": "date-time" },
        "schema_version": { "type": "string", "default": "1.0" }
      },
      "required": ["type", "payload", "timestamp"]
    },
    "market_status": {
      "version": "1.0",
      "description": "시장 상태 정보",
      "properties": {
        "type": { "type": "string", "const": "market_status" },
        "payload": {
          "type": "object", 
          "properties": {
            "markets": {
              "type": "array",
              "items": {
                "type": "object",
                "properties": {
                  "market_code": { "type": "string", "const": "US" },
                  "market_name": { "type": "string" },
                  "status": { "type": "string", "enum": ["OPEN", "CLOSED", "PRE_MARKET", "AFTER_HOURS"] },
                  "timezone": { "type": "string", "const": "US/Eastern" },
                  "open_time": { "type": "string", "pattern": "^[0-9]{2}:[0-9]{2}$" },
                  "close_time": { "type": "string", "pattern": "^[0-9]{2}:[0-9]{2}$" },
                  "current_time": { "type": "string", "format": "date-time" },
                  "timestamp": { "type": "string", "format": "date-time" }
                },
                "required": ["market_code", "status", "timezone", "timestamp"]
              }
            }
          },
          "required": ["markets"]
        },
        "timestamp": { "type": "string", "format": "date-time" },
        "schema_version": { "type": "string", "default": "1.0" }
      },
      "required": ["type", "payload", "timestamp"]
    },
    "ai_signals": {
      "version": "1.0",
      "description": "AI 투자 시그널",
      "properties": {
        "type": { "type": "string", "const": "ai_signals" },
        "payload": {
          "type": "object",
          "properties": {
            "signals": {
              "type": "array",
              "items": {
                "type": "object",
                "properties": {
                  "id": { "type": "string" },
                  "symbol": { "type": "string", "pattern": "^[A-Z]{1,5}$" },
                  "company_name": { "type": "string" },
                  "signal_type": { "type": "string", "enum": ["BUY", "SELL", "HOLD"] },
                  "confidence": { "type": "number", "minimum": 0, "maximum": 1 },
                  "strength": { "type": "string", "enum": ["HIGH", "MEDIUM", "LOW"] },
                  "current_price": { "type": "number", "minimum": 0 },
                  "target_price": { "type": "number", "minimum": 0 },
                  "expected_return": { "type": "number" },
                  "risk_level": { "type": "string", "enum": ["HIGH", "MEDIUM", "LOW"] },
                  "reasoning": { "type": "string" },
                  "technical_score": { "type": "number", "minimum": -1, "maximum": 1 },
                  "fundamental_score": { "type": "number", "minimum": -1, "maximum": 1 },
                  "sentiment_score": { "type": "number", "minimum": -1, "maximum": 1 },
                  "created_at": { "type": "string", "format": "date-time" },
                  "market_state": { "type": "string" }
                },
                "required": ["id", "symbol", "signal_type", "confidence", "strength", "current_price", "created_at"]
              }
            },
            "market": { "type": "string", "const": "US" },
            "count": { "type": "number", "minimum": 0 }
          },
          "required": ["signals", "market", "count"]
        },
        "timestamp": { "type": "string", "format": "date-time" },
        "schema_version": { "type": "string", "default": "1.0" }
      },
      "required": ["type", "payload", "timestamp"]
    },
    "us_news": {
      "version": "1.0",
      "description": "미국 뉴스 분석 데이터",
      "properties": {
        "type": { "type": "string", "const": "us_news" },
        "payload": {
          "type": "object",
          "properties": {
            "news": {
              "type": "array",
              "items": {
                "type": "object",
                "properties": {
                  "id": { "type": "string" },
                  "title": { "type": "string" },
                  "summary": { "type": "string" },
                  "sentiment": { "type": "string", "enum": ["POSITIVE", "NEGATIVE", "NEUTRAL"] },
                  "sentiment_score": { "type": "number", "minimum": -1, "maximum": 1 },
                  "impact_score": { "type": "number", "minimum": 0, "maximum": 1 },
                  "source": { "type": "string" },
                  "published_at": { "type": "string", "format": "date-time" },
                  "url": { "type": "string", "format": "uri" }
                },
                "required": ["id", "title", "sentiment", "source"]
              }
            },
            "market": { "type": "string", "const": "US" },
            "count": { "type": "number", "minimum": 0 }
          },
          "required": ["news", "market", "count"]
        },
        "timestamp": { "type": "string", "format": "date-time" },
        "schema_version": { "type": "string", "default": "1.0" }
      },
      "required": ["type", "payload", "timestamp"]
    },
    "error": {
      "version": "1.0",
      "description": "에러 메시지",
      "properties": {
        "type": { "type": "string", "const": "error" },
        "message": { "type": "string" },
        "code": { "type": "string" },
        "timestamp": { "type": "string", "format": "date-time" },
        "schema_version": { "type": "string", "default": "1.0" }
      },
      "required": ["type", "message", "timestamp"]
    }
  }
}