{
  "$schema": "https://json-schema.org/draft/2020-12/schema",
  "$id": "https://stockpilot.ai/schemas/websocket-messages",
  "title": "StockPilot WebSocket Message Schemas",
  "description": "실시간 WebSocket 메시지 형식 정의",
  "version": "1.0.0",
  
  "definitions": {
    "timestamp": {
      "type": "string",
      "format": "date-time",
      "description": "ISO 8601 형식 타임스탬프"
    },
    "base_message": {
      "type": "object",
      "required": ["type", "payload", "timestamp"],
      "properties": {
        "type": {
          "type": "string",
          "description": "메시지 타입"
        },
        "payload": {
          "type": "object",
          "description": "메시지 내용"
        },
        "timestamp": {
          "$ref": "#/definitions/timestamp",
          "description": "메시지 생성 시간"
        },
        "schema_version": {
          "type": "string",
          "default": "1.0",
          "description": "스키마 버전"
        }
      }
    }
  },
  
  "oneOf": [
    {
      "$ref": "#/$defs/connection_message"
    },
    {
      "$ref": "#/$defs/subscription_message"
    },
    {
      "$ref": "#/$defs/us_stocks_message"
    },
    {
      "$ref": "#/$defs/kr_stocks_message"
    },
    {
      "$ref": "#/$defs/exchange_rates_message"
    },
    {
      "$ref": "#/$defs/market_status_message"
    },
    {
      "$ref": "#/$defs/ai_signals_message"
    },
    {
      "$ref": "#/$defs/kr_news_message"
    },
    {
      "$ref": "#/$defs/error_message"
    }
  ],
  
  "$defs": {
    "connection_message": {
      "allOf": [
        {"$ref": "#/definitions/base_message"},
        {
          "properties": {
            "type": {
              "const": "connection"
            },
            "payload": {
              "type": "object",
              "required": ["client_id", "server_version", "services", "available_channels"],
              "properties": {
                "client_id": {
                  "type": "string",
                  "description": "클라이언트 식별자"
                },
                "server_version": {
                  "type": "string",
                  "description": "서버 버전"
                },
                "services": {
                  "type": "object",
                  "description": "사용 가능한 서비스들",
                  "properties": {
                    "stock_data": {"type": "boolean"},
                    "currency_exchange": {"type": "boolean"},
                    "news_analysis": {"type": "boolean"},
                    "ai_signals": {"type": "boolean"}
                  }
                },
                "available_channels": {
                  "type": "array",
                  "items": {
                    "type": "string",
                    "enum": ["us_stocks", "us_indices", "exchange_rates", "us_news", "ai_signals", "market_status"]
                  },
                  "description": "구독 가능한 채널 목록"
                }
              }
            }
          }
        }
      ]
    },
    
    "subscription_message": {
      "allOf": [
        {"$ref": "#/definitions/base_message"},
        {
          "properties": {
            "type": {
              "const": "subscription"
            },
            "payload": {
              "type": "object",
              "required": ["status", "events"],
              "properties": {
                "status": {
                  "type": "string",
                  "enum": ["subscribed", "unsubscribed"],
                  "description": "구독 상태"
                },
                "events": {
                  "type": "array",
                  "items": {
                    "type": "string",
                    "enum": ["us_stocks", "us_indices", "exchange_rates", "us_news", "ai_signals", "market_status"]
                  },
                  "description": "구독/해지된 이벤트 목록"
                }
              }
            }
          }
        }
      ]
    },
    
    "us_stocks_message": {
      "allOf": [
        {"$ref": "#/definitions/base_message"},
        {
          "properties": {
            "type": {
              "const": "us_stocks"
            },
            "payload": {
              "type": "object",
              "required": ["stocks", "market", "market_state", "count"],
              "properties": {
                "stocks": {
                  "type": "array",
                  "items": {
                    "type": "object",
                    "required": ["symbol", "company_name", "current_price", "change_percent", "volume"],
                    "properties": {
                      "symbol": {"type": "string"},
                      "company_name": {"type": "string"},
                      "current_price": {"type": "number"},
                      "change_percent": {"type": "number"},
                      "change_amount": {"type": "number"},
                      "volume": {"type": "integer"},
                      "avg_volume": {"type": "integer"},
                      "market_cap": {"type": "number"},
                      "pe_ratio": {"type": "number"},
                      "day_high": {"type": "number"},
                      "day_low": {"type": "number"},
                      "market_state": {"type": "string"}
                    }
                  }
                },
                "market": {
                  "type": "string",
                  "default": "US",
                  "description": "시장 구분"
                },
                "market_state": {
                  "type": "string",
                  "enum": ["OPEN", "CLOSED", "PRE_MARKET", "AFTER_HOURS", "HOLIDAY"]
                },
                "count": {
                  "type": "integer",
                  "minimum": 0
                },
                "schema_version": {
                  "type": "string",
                  "default": "1.0"
                }
              }
            }
          }
        }
      ]
    },
    
    "exchange_rates_message": {
      "allOf": [
        {"$ref": "#/definitions/base_message"},
        {
          "properties": {
            "type": {
              "const": "exchange_rates"
            },
            "payload": {
              "type": "object",
              "required": ["rates", "count"],
              "properties": {
                "rates": {
                  "type": "array",
                  "items": {
                    "type": "object",
                    "required": ["pair", "rate", "timestamp"],
                    "properties": {
                      "pair": {"type": "string"},
                      "rate": {"type": "number"},
                      "change_percent": {"type": "number"},
                      "timestamp": {"$ref": "#/definitions/timestamp"}
                    }
                  }
                },
                "count": {
                  "type": "integer",
                  "minimum": 0
                },
                "schema_version": {
                  "type": "string",
                  "default": "1.0"
                }
              }
            }
          }
        }
      ]
    },
    
    "market_status_message": {
      "allOf": [
        {"$ref": "#/definitions/base_message"},
        {
          "properties": {
            "type": {
              "const": "market_status"
            },
            "payload": {
              "type": "object",
              "required": ["markets", "market", "state", "local_time"],
              "properties": {
                "market": {
                  "type": "string",
                  "description": "주요 시장 구분"
                },
                "state": {
                  "type": "string",
                  "enum": ["OPEN", "CLOSED", "PRE_MARKET", "AFTER_HOURS", "HOLIDAY"],
                  "description": "주요 시장 상태"
                },
                "local_time": {
                  "$ref": "#/definitions/timestamp",
                  "description": "현지 시간"
                },
                "markets": {
                  "type": "array",
                  "items": {
                    "type": "object",
                    "required": ["market_code", "market_name", "status", "timezone"],
                    "properties": {
                      "market_code": {"type": "string"},
                      "market_name": {"type": "string"},
                      "status": {
                        "type": "string",
                        "enum": ["OPEN", "CLOSED", "PRE_MARKET", "AFTER_HOURS", "HOLIDAY"]
                      },
                      "timezone": {"type": "string"},
                      "timezone_name": {"type": "string"},
                      "utc_offset": {"type": "string"},
                      "is_dst": {"type": "boolean"},
                      "local_time": {"$ref": "#/definitions/timestamp"},
                      "regular_hours": {
                        "type": "object",
                        "properties": {
                          "open": {"type": "string"},
                          "close": {"type": "string"}
                        }
                      },
                      "next_open": {
                        "type": "object",
                        "properties": {
                          "datetime": {"$ref": "#/definitions/timestamp"},
                          "timezone": {"type": "string"}
                        }
                      },
                      "closes_at": {
                        "type": "object",
                        "properties": {
                          "datetime": {"$ref": "#/definitions/timestamp"},
                          "timezone": {"type": "string"}
                        }
                      }
                    }
                  }
                },
                "schema_version": {
                  "type": "string",
                  "default": "1.0"
                }
              }
            }
          }
        }
      ]
    },
    
    "ai_signals_message": {
      "allOf": [
        {"$ref": "#/definitions/base_message"},
        {
          "properties": {
            "type": {
              "const": "ai_signals"
            },
            "payload": {
              "type": "object",
              "required": ["signals", "market", "count", "generated_at"],
              "properties": {
                "signals": {
                  "type": "array",
                  "items": {
                    "type": "object",
                    "required": ["id", "symbol", "company_name", "signal_type", "confidence", "strength", "current_price", "reasoning"],
                    "properties": {
                      "id": {"type": "string"},
                      "symbol": {"type": "string"},
                      "company_name": {"type": "string"},
                      "signal_type": {
                        "type": "string",
                        "enum": ["BUY", "SELL", "HOLD"]
                      },
                      "confidence": {
                        "type": "number",
                        "minimum": 0,
                        "maximum": 1
                      },
                      "strength": {
                        "type": "string",
                        "enum": ["HIGH", "MEDIUM", "LOW"]
                      },
                      "current_price": {"type": "number"},
                      "target_price": {"type": "number"},
                      "expected_return": {"type": "number"},
                      "risk_level": {
                        "type": "string",
                        "enum": ["HIGH", "MEDIUM", "LOW"]
                      },
                      "reasoning": {"type": "string"},
                      "technical_score": {
                        "type": "number",
                        "minimum": -1,
                        "maximum": 1
                      },
                      "fundamental_score": {
                        "type": "number",
                        "minimum": -1,
                        "maximum": 1
                      },
                      "sentiment_score": {
                        "type": "number",
                        "minimum": -1,
                        "maximum": 1
                      },
                      "created_at": {"$ref": "#/definitions/timestamp"},
                      "market_state": {"type": "string"}
                    }
                  }
                },
                "market": {"type": "string"},
                "count": {
                  "type": "integer",
                  "minimum": 0
                },
                "generated_at": {"$ref": "#/definitions/timestamp"},
                "is_mock": {
                  "type": "boolean",
                  "description": "Mock 데이터 여부"
                },
                "reason": {
                  "type": "string",
                  "description": "생성 이유"
                },
                "schema_version": {
                  "type": "string",
                  "default": "1.0"
                }
              }
            }
          }
        }
      ]
    },
    
    "kr_stocks_message": {
      "allOf": [
        {"$ref": "#/definitions/base_message"},
        {
          "properties": {
            "type": {
              "const": "kr_stocks"
            },
            "payload": {
              "type": "object",
              "required": ["stocks", "market", "count"],
              "properties": {
                "stocks": {
                  "type": "array",
                  "items": {
                    "type": "object",
                    "required": ["symbol", "company_name", "market", "current_price", "change", "change_percent"],
                    "properties": {
                      "symbol": {"type": "string"},
                      "company_name": {"type": "string"},
                      "market": {
                        "type": "string",
                        "enum": ["KOSPI", "KOSDAQ"]
                      },
                      "current_price": {"type": "number"},
                      "change": {"type": "number"},
                      "change_percent": {"type": "number"},
                      "volume": {"type": "integer"},
                      "value": {"type": "integer"},
                      "open_price": {"type": "number"},
                      "high_price": {"type": "number"},
                      "low_price": {"type": "number"},
                      "prev_close": {"type": "number"},
                      "market_cap": {"type": "integer"},
                      "per": {"type": "number"},
                      "pbr": {"type": "number"},
                      "dividend_yield": {"type": "number"},
                      "currency": {"type": "string", "default": "KRW"},
                      "market_state": {"type": "string"}
                    }
                  }
                },
                "market": {"type": "string"},
                "count": {"type": "integer"},
                "indices": {
                  "type": "array",
                  "items": {
                    "type": "object",
                    "properties": {
                      "index_code": {"type": "string"},
                      "index_name": {"type": "string"},
                      "current_value": {"type": "number"},
                      "change": {"type": "number"},
                      "change_percent": {"type": "number"}
                    }
                  }
                },
                "schema_version": {
                  "type": "string",
                  "default": "1.0"
                }
              }
            }
          }
        }
      ]
    },
    
    "kr_news_message": {
      "allOf": [
        {"$ref": "#/definitions/base_message"},
        {
          "properties": {
            "type": {
              "const": "kr_news"
            },
            "payload": {
              "type": "object",
              "required": ["news", "count"],
              "properties": {
                "news": {
                  "type": "array",
                  "items": {
                    "type": "object",
                    "required": ["id", "title", "content", "url", "source", "published_at", "sentiment"],
                    "properties": {
                      "id": {"type": "string"},
                      "title": {"type": "string"},
                      "content": {"type": "string"},
                      "summary": {"type": "string"},
                      "url": {"type": "string", "format": "uri"},
                      "source": {"type": "string"},
                      "published_at": {"$ref": "#/definitions/timestamp"},
                      "symbols_mentioned": {
                        "type": "array",
                        "items": {"type": "string"}
                      },
                      "sentiment": {
                        "type": "string",
                        "enum": ["POSITIVE", "NEGATIVE", "NEUTRAL"]
                      },
                      "sentiment_score": {
                        "type": "number",
                        "minimum": -1,
                        "maximum": 1
                      },
                      "impact_score": {
                        "type": "number",
                        "minimum": 0,
                        "maximum": 1
                      },
                      "topics": {
                        "type": "array",
                        "items": {"type": "string"}
                      },
                      "language": {"type": "string", "default": "ko"}
                    }
                  }
                },
                "count": {"type": "integer"},
                "market": {"type": "string", "default": "KR"},
                "generated_at": {"$ref": "#/definitions/timestamp"},
                "schema_version": {
                  "type": "string",
                  "default": "1.0"
                }
              }
            }
          }
        }
      ]
    },
    
    "error_message": {
      "allOf": [
        {"$ref": "#/definitions/base_message"},
        {
          "properties": {
            "type": {
              "const": "error"
            },
            "payload": {
              "type": "object",
              "required": ["code", "message"],
              "properties": {
                "code": {
                  "type": "string",
                  "description": "에러 코드"
                },
                "message": {
                  "type": "string",
                  "description": "에러 메시지"
                },
                "details": {
                  "type": "object",
                  "description": "추가 에러 정보"
                },
                "retry_after": {
                  "type": "integer",
                  "description": "재시도 권장 시간(초)"
                },
                "schema_version": {
                  "type": "string",
                  "default": "1.0"
                }
              }
            }
          }
        }
      ]
    }
  }
}