{
  "summary": {
    "total_tests": 22,
    "passed_tests": 18,
    "failed_tests": 4,
    "success_rate": 81.82,
    "average_response_time": 59.39,
    "timestamp": "2025-09-11T14:37:26.518732"
  },
  "service_stats": {
    "backend": {
      "total": 8,
      "passed": 8,
      "failed": 0
    },
    "auth": {
      "total": 4,
      "passed": 4,
      "failed": 0
    },
    "dashboard": {
      "total": 4,
      "passed": 4,
      "failed": 0
    },
    "websocket": {
      "total": 1,
      "passed": 0,
      "failed": 1
    },
    "redis": {
      "total": 1,
      "passed": 0,
      "failed": 1
    },
    "postgres": {
      "total": 1,
      "passed": 0,
      "failed": 1
    },
    "external": {
      "total": 3,
      "passed": 2,
      "failed": 1
    }
  },
  "performance_stats": {
    "concurrent_requests": {
      "total_requests": 10,
      "successful_requests": 10,
      "total_time": 0.003423929214477539,
      "requests_per_second": 2920.6211266624887
    },
    "response_times": {
      "average": 0.5145549774169922,
      "maximum": 0.9288787841796875,
      "minimum": 0.3707408905029297,
      "samples": [
        0.9288787841796875,
        0.3707408905029297,
        0.4601478576660156,
        0.4169940948486328,
        0.3960132598876953
      ]
    },
    "load_test": {
      "total_requests": 15,
      "successful_requests": 15,
      "success_rate": 100.0,
      "total_time": 0.018869638442993164,
      "requests_per_second": 794.927790763788
    }
  },
  "detailed_results": [
    {
      "service": "backend",
      "name": "헬스체크",
      "path": "/health",
      "success": true,
      "response_time": 7.774114608764648,
      "status_code": 404,
      "timestamp": "2025-09-11T14:37:13.037270"
    },
    {
      "service": "backend",
      "name": "시스템 상태",
      "path": "/api/status",
      "success": true,
      "response_time": 1.0979175567626953,
      "status_code": 404,
      "timestamp": "2025-09-11T14:37:13.038650"
    },
    {
      "service": "backend",
      "name": "버전 정보",
      "path": "/api/version",
      "success": true,
      "response_time": 0.8168220520019531,
      "status_code": 404,
      "timestamp": "2025-09-11T14:37:13.039639"
    },
    {
      "service": "backend",
      "name": "API 문서",
      "path": "/docs",
      "success": true,
      "response_time": 0.8382797241210938,
      "status_code": 200,
      "timestamp": "2025-09-11T14:37:13.040610"
    },
    {
      "service": "backend",
      "name": "OpenAPI 스펙",
      "path": "/openapi.json",
      "success": true,
      "response_time": 0.7421970367431641,
      "status_code": 200,
      "timestamp": "2025-09-11T14:37:13.041488"
    },
    {
      "service": "backend",
      "name": "주식 분석",
      "path": "/api/stocks/analyze",
      "success": true,
      "response_time": 0.7102489471435547,
      "status_code": 404,
      "timestamp": "2025-09-11T14:37:13.042319"
    },
    {
      "service": "backend",
      "name": "종목 검색",
      "path": "/api/stocks/search",
      "success": true,
      "response_time": 0.6170272827148438,
      "status_code": 404,
      "timestamp": "2025-09-11T14:37:13.043044"
    },
    {
      "service": "backend",
      "name": "포트폴리오 검증",
      "path": "/api/portfolio/validate",
      "success": true,
      "response_time": 0.6010532379150391,
      "status_code": 404,
      "timestamp": "2025-09-11T14:37:13.043749"
    },
    {
      "service": "auth",
      "name": "인증서버 헬스체크",
      "path": "/health",
      "success": true,
      "response_time": 1.6398429870605469,
      "status_code": 404,
      "timestamp": "2025-09-11T14:37:13.045518"
    },
    {
      "service": "auth",
      "name": "로그인 테스트",
      "path": "/auth/login",
      "success": true,
      "response_time": 0.8728504180908203,
      "status_code": 404,
      "timestamp": "2025-09-11T14:37:13.046526"
    },
    {
      "service": "auth",
      "name": "회원가입 테스트",
      "path": "/auth/register",
      "success": true,
      "response_time": 0.7910728454589844,
      "status_code": 404,
      "timestamp": "2025-09-11T14:37:13.047441"
    },
    {
      "service": "auth",
      "name": "토큰 검증",
      "path": "/auth/verify",
      "success": true,
      "response_time": 1.0838508605957031,
      "status_code": 405,
      "timestamp": "2025-09-11T14:37:13.048659"
    },
    {
      "service": "dashboard",
      "name": "대시보드 헬스체크",
      "path": "/health",
      "success": true,
      "response_time": 3.504037857055664,
      "status_code": 404,
      "timestamp": "2025-09-11T14:37:13.052314"
    },
    {
      "service": "dashboard",
      "name": "통계 조회",
      "path": "/dashboard/stats",
      "success": true,
      "response_time": 0.8940696716308594,
      "status_code": 404,
      "timestamp": "2025-09-11T14:37:13.053393"
    },
    {
      "service": "dashboard",
      "name": "포트폴리오 조회",
      "path": "/dashboard/portfolio",
      "success": true,
      "response_time": 0.6649494171142578,
      "status_code": 404,
      "timestamp": "2025-09-11T14:37:13.054180"
    },
    {
      "service": "dashboard",
      "name": "알림 조회",
      "path": "/dashboard/alerts",
      "success": true,
      "response_time": 0.7369518280029297,
      "status_code": 404,
      "timestamp": "2025-09-11T14:37:13.055022"
    },
    {
      "service": "websocket",
      "name": "WebSocket 연결 테스트",
      "path": "/health",
      "success": false,
      "response_time": 0,
      "status_code": null,
      "timestamp": "2025-09-11T14:37:23.067558",
      "error": "timed out during opening handshake"
    },
    {
      "service": "redis",
      "name": "Redis 연결 테스트",
      "path": "redis://localhost:6379",
      "success": false,
      "response_time": 0,
      "status_code": null,
      "timestamp": "2025-09-11T14:37:23.105233",
      "error": "duplicate base class TimeoutError"
    },
    {
      "service": "postgres",
      "name": "PostgreSQL 연결 테스트",
      "path": "/api/db/health",
      "success": false,
      "response_time": 0,
      "status_code": null,
      "timestamp": "2025-09-11T14:37:23.106823",
      "error": "HTTP 404"
    },
    {
      "service": "external",
      "name": "OpenAI API",
      "path": "https://api.openai.com/v1/models",
      "success": true,
      "response_time": 226.06301307678223,
      "status_code": 401,
      "timestamp": "2025-09-11T14:37:23.332974"
    },
    {
      "service": "external",
      "name": "Alpha Vantage API",
      "path": "https://www.alphavantage.co/query?function=TIME_SERIES_INTRADAY&symbol=IBM&interval=1min&apikey=demo",
      "success": true,
      "response_time": 819.612979888916,
      "status_code": 200,
      "timestamp": "2025-09-11T14:37:24.152891"
    },
    {
      "service": "external",
      "name": "Yahoo Finance",
      "path": "https://query1.finance.yahoo.com/v8/finance/chart/AAPL",
      "success": false,
      "response_time": 331.04991912841797,
      "status_code": 429,
      "timestamp": "2025-09-11T14:37:24.484149"
    }
  ],
  "errors": [
    {
      "service": "websocket",
      "endpoint": "WebSocket 연결 테스트",
      "error": "timed out during opening handshake",
      "timestamp": "2025-09-11T14:37:23.067550"
    },
    {
      "service": "redis",
      "endpoint": "Redis 연결 테스트",
      "error": "duplicate base class TimeoutError",
      "timestamp": "2025-09-11T14:37:23.105228"
    },
    {
      "service": "postgres",
      "endpoint": "PostgreSQL 연결 테스트",
      "error": "HTTP 404",
      "timestamp": "2025-09-11T14:37:23.106820"
    },
    {
      "service": "external",
      "endpoint": "Yahoo Finance",
      "error": null,
      "timestamp": "2025-09-11T14:37:24.484143"
    }
  ]
}