{
  "summary": {
    "total_tests": 18,
    "passed_tests": 8,
    "failed_tests": 10,
    "success_rate": 44.44,
    "average_response_time": 0.88,
    "max_response_time": 1.04,
    "average_file_size": 0.01,
    "max_file_size": 0.0,
    "timestamp": "2025-09-11T15:38:11.812339"
  },
  "performance_stats": {
    "concurrent_uploads": {
      "total_uploads": 5,
      "successful_uploads": 0,
      "total_time": 0.0019631385803222656,
      "uploads_per_second": 2546.9419480204033
    },
    "stress_test": {
      "total_uploads": 10,
      "successful_uploads": 0,
      "success_rate": 0.0,
      "total_time": -0.09974288940429688,
      "average_response_time": 0.0,
      "uploads_per_second": 0
    }
  },
  "detailed_results": [
    {
      "test_name": "기본 CSV 업로드",
      "success": false,
      "response_time": 8.201122283935547,
      "timestamp": "2025-09-11T15:38:10.476008",
      "file_size": 163,
      "error": "HTTP 404: {'detail': 'Not Found'}"
    },
    {
      "test_name": "Excel 업로드",
      "success": false,
      "response_time": 1.3570785522460938,
      "timestamp": "2025-09-11T15:38:10.541411",
      "file_size": 5122,
      "error": "HTTP 404: {'detail': 'Not Found'}"
    },
    {
      "test_name": "대용량 파일 업로드",
      "success": false,
      "response_time": 1.2679100036621094,
      "timestamp": "2025-09-11T15:38:10.579329",
      "file_size": 459980,
      "rows_count": 10000,
      "error": "HTTP 404: {'detail': 'Not Found'}"
    },
    {
      "test_name": "잘못된 형식: 텍스트 파일",
      "success": true,
      "response_time": 1.0437965393066406,
      "timestamp": "2025-09-11T15:38:10.581055",
      "file_size": 22,
      "error": null
    },
    {
      "test_name": "잘못된 형식: 빈 파일",
      "success": true,
      "response_time": 0.8959770202636719,
      "timestamp": "2025-09-11T15:38:10.582102",
      "file_size": 0,
      "error": null
    },
    {
      "test_name": "잘못된 형식: 잘못된 CSV 헤더",
      "success": true,
      "response_time": 0.8440017700195312,
      "timestamp": "2025-09-11T15:38:10.583086",
      "file_size": 40,
      "error": null
    },
    {
      "test_name": "잘못된 형식: 이미지 파일",
      "success": true,
      "response_time": 0.8161067962646484,
      "timestamp": "2025-09-11T15:38:10.584030",
      "file_size": 43,
      "error": null
    },
    {
      "test_name": "동시 업로드",
      "success": false,
      "response_time": 1.9631385803222656,
      "timestamp": "2025-09-11T15:38:10.586578",
      "concurrent_count": 5,
      "successful_count": 0
    },
    {
      "test_name": "크기 테스트: 1KB 파일",
      "success": false,
      "response_time": 0.8037090301513672,
      "timestamp": "2025-09-11T15:38:10.587584",
      "file_size": 840,
      "file_size_mb": 0.0,
      "rows_count": 10,
      "error": "HTTP 404: {'detail': 'Not Found'}"
    },
    {
      "test_name": "크기 테스트: 100KB 파일",
      "success": false,
      "response_time": 0.9729862213134766,
      "timestamp": "2025-09-11T15:38:10.591673",
      "file_size": 81650,
      "file_size_mb": 0.08,
      "rows_count": 1000,
      "error": "HTTP 404: {'detail': 'Not Found'}"
    },
    {
      "test_name": "크기 테스트: 1MB 파일",
      "success": false,
      "response_time": 1.4100074768066406,
      "timestamp": "2025-09-11T15:38:10.622977",
      "file_size": 815891,
      "file_size_mb": 0.78,
      "rows_count": 10000,
      "error": "HTTP 404: {'detail': 'Not Found'}"
    },
    {
      "test_name": "크기 테스트: 5MB 파일",
      "success": false,
      "response_time": 1.4481544494628906,
      "timestamp": "2025-09-11T15:38:10.768572",
      "file_size": 4079103,
      "file_size_mb": 3.89,
      "rows_count": 50000,
      "error": "HTTP 404: {'detail': 'Not Found'}"
    },
    {
      "test_name": "유효성 검증: 올바른 데이터",
      "success": false,
      "response_time": 1.603841781616211,
      "timestamp": "2025-09-11T15:38:10.772403",
      "expected_result": true,
      "actual_result": false,
      "error": "HTTP 404: {'detail': 'Not Found'}"
    },
    {
      "test_name": "유효성 검증: 빈 심볼",
      "success": true,
      "response_time": 0.9222030639648438,
      "timestamp": "2025-09-11T15:38:10.773468",
      "expected_result": false,
      "actual_result": false,
      "error": null
    },
    {
      "test_name": "유효성 검증: 음수 수량",
      "success": true,
      "response_time": 0.8707046508789062,
      "timestamp": "2025-09-11T15:38:10.774484",
      "expected_result": false,
      "actual_result": false,
      "error": null
    },
    {
      "test_name": "유효성 검증: 잘못된 날짜 형식",
      "success": true,
      "response_time": 0.8389949798583984,
      "timestamp": "2025-09-11T15:38:10.775449",
      "expected_result": false,
      "actual_result": false,
      "error": null
    },
    {
      "test_name": "유효성 검증: 문자열 가격",
      "success": true,
      "response_time": 0.8099079132080078,
      "timestamp": "2025-09-11T15:38:10.776394",
      "expected_result": false,
      "actual_result": false,
      "error": null
    },
    {
      "test_name": "성능 스트레스 테스트",
      "success": false,
      "response_time": 0.0,
      "timestamp": "2025-09-11T15:38:11.812199",
      "total_uploads": 10,
      "successful_uploads": 0,
      "success_rate": 0.0
    }
  ],
  "errors": [
    {
      "test": "기본 CSV 업로드",
      "error": "HTTP 404: {'detail': 'Not Found'}",
      "timestamp": "2025-09-11T15:38:10.476004"
    },
    {
      "test": "Excel 업로드",
      "error": "HTTP 404: {'detail': 'Not Found'}",
      "timestamp": "2025-09-11T15:38:10.541409"
    },
    {
      "test": "대용량 파일 업로드",
      "error": "HTTP 404: {'detail': 'Not Found'}",
      "timestamp": "2025-09-11T15:38:10.579326"
    },
    {
      "test": "크기 테스트: 1KB 파일",
      "error": "HTTP 404: {'detail': 'Not Found'}",
      "timestamp": "2025-09-11T15:38:10.587583"
    },
    {
      "test": "크기 테스트: 100KB 파일",
      "error": "HTTP 404: {'detail': 'Not Found'}",
      "timestamp": "2025-09-11T15:38:10.591671"
    },
    {
      "test": "크기 테스트: 1MB 파일",
      "error": "HTTP 404: {'detail': 'Not Found'}",
      "timestamp": "2025-09-11T15:38:10.622973"
    },
    {
      "test": "크기 테스트: 5MB 파일",
      "error": "HTTP 404: {'detail': 'Not Found'}",
      "timestamp": "2025-09-11T15:38:10.768568"
    },
    {
      "test": "유효성 검증: 올바른 데이터",
      "error": "HTTP 404: {'detail': 'Not Found'}",
      "timestamp": "2025-09-11T15:38:10.772401"
    }
  ]
}