{
  "total_files_checked": 16,
  "branding_issues": [
    {
      "location": "src/App.tsx:57",
      "text": "'-apple-system',",
      "issues": [
        "App"
      ],
      "severity": "medium"
    },
    {
      "location": "src/components/ui/Logo.jsx:84",
      "text": "font-family: 'Pretendard', -apple-system, BlinkMacSystemFont, system-ui, sans-serif;",
      "issues": [
        "App"
      ],
      "severity": "medium"
    },
    {
      "location": "src/components/ui/Logo.jsx:96",
      "text": "font-family: 'Pretendard', -apple-system, BlinkMacSystemFont, system-ui, sans-serif;",
      "issues": [
        "App"
      ],
      "severity": "medium"
    },
    {
      "location": "src/i18n/locales/ko.js:483",
      "text": "columnMapping: '컬럼 매핑',",
      "issues": [
        "App"
      ],
      "severity": "medium"
    },
    {
      "location": "config/craco.config.js:25",
      "text": "devServer.app.get('/health', (req, res) => {",
      "issues": [
        "App"
      ],
      "severity": "medium"
    },
    {
      "location": "config/nginx/nginx.conf:19",
      "text": "default_type application/octet-stream;",
      "issues": [
        "App"
      ],
      "severity": "medium"
    },
    {
      "location": "config/nginx/nginx.conf:55",
      "text": "application/javascript",
      "issues": [
        "App"
      ],
      "severity": "medium"
    },
    {
      "location": "config/nginx/nginx.conf:56",
      "text": "application/xml+rss",
      "issues": [
        "App"
      ],
      "severity": "medium"
    },
    {
      "location": "config/nginx/nginx.conf:57",
      "text": "application/json",
      "issues": [
        "App"
      ],
      "severity": "medium"
    },
    {
      "location": "config/nginx/nginx.conf:63",
      "text": "# brotli_types text/plain text/css application/json application/javascript text/xml application/xml application/xml+rss text/javascript;",
      "issues": [
        "App"
      ],
      "severity": "medium"
    },
    {
      "location": "docs/../backend/README.md:51",
      "text": "python -m app.main",
      "issues": [
        "App"
      ],
      "severity": "medium"
    },
    {
      "location": "docs/../backend/README.md:54",
      "text": "uvicorn app.main:app --host 0.0.0.0 --port 8000 --reload",
      "issues": [
        "App"
      ],
      "severity": "medium"
    },
    {
      "location": "docs/../backend/README.md:59",
      "text": "uvicorn app.main:app --host 0.0.0.0 --port 8000 --workers 4",
      "issues": [
        "App"
      ],
      "severity": "medium"
    },
    {
      "location": "docs/../backend/README.md:82",
      "text": "- `app/config.py` - 전체 애플리케이션 설정",
      "issues": [
        "App"
      ],
      "severity": "medium"
    },
    {
      "location": "docs/../backend/README.md:83",
      "text": "- `app/models.py` - Pydantic 데이터 모델",
      "issues": [
        "App"
      ],
      "severity": "medium"
    },
    {
      "location": "docs/../backend/README.md:101",
      "text": "-H \"Content-Type: application/json\"",
      "issues": [
        "App"
      ],
      "severity": "medium"
    },
    {
      "location": "docs/../backend/README.md:137",
      "text": "├── app/",
      "issues": [
        "App"
      ],
      "severity": "medium"
    },
    {
      "location": "docs/../backend/README.md:280",
      "text": "1. `app/api/v1/endpoints/` 에 파일 생성",
      "issues": [
        "App"
      ],
      "severity": "medium"
    },
    {
      "location": "docs/../backend/README.md:281",
      "text": "2. `app/api/v1/api.py` 에 라우터 등록",
      "issues": [
        "App"
      ],
      "severity": "medium"
    },
    {
      "location": "docs/../backend/README.md:282",
      "text": "3. 필요시 `app/models.py` 에 모델 추가",
      "issues": [
        "App"
      ],
      "severity": "medium"
    },
    {
      "location": "docs/../backend/README.md:285",
      "text": "1. `app/services/` 에 서비스 클래스 생성",
      "issues": [
        "App"
      ],
      "severity": "medium"
    },
    {
      "location": "docs/../backend/README.md:299",
      "text": "python -m app.main",
      "issues": [
        "App"
      ],
      "severity": "medium"
    },
    {
      "location": "docs/../backend/README.md:302",
      "text": "LOG_LEVEL=DEBUG python -m app.main",
      "issues": [
        "App"
      ],
      "severity": "medium"
    },
    {
      "location": "api/../backend/api_endpoints.py:18",
      "text": "app = FastAPI(",
      "issues": [
        "App"
      ],
      "severity": "medium"
    },
    {
      "location": "api/../backend/api_endpoints.py:25",
      "text": "app.add_middleware(",
      "issues": [
        "App"
      ],
      "severity": "medium"
    },
    {
      "location": "api/../backend/api_endpoints.py:64",
      "text": "app.add_event_handler(\"startup\", startup_event)",
      "issues": [
        "App"
      ],
      "severity": "medium"
    },
    {
      "location": "api/../backend/api_endpoints.py:66",
      "text": "@app.get(\"/health\")",
      "issues": [
        "App"
      ],
      "severity": "medium"
    },
    {
      "location": "api/../backend/api_endpoints.py:76",
      "text": "@app.get(\"/api/status\")",
      "issues": [
        "App"
      ],
      "severity": "medium"
    },
    {
      "location": "api/../backend/api_endpoints.py:110",
      "text": "@app.get(\"/api/version\")",
      "issues": [
        "App"
      ],
      "severity": "medium"
    },
    {
      "location": "api/../backend/api_endpoints.py:121",
      "text": "@app.get(\"/api/db/health\")",
      "issues": [
        "App"
      ],
      "severity": "medium"
    },
    {
      "location": "api/../backend/api_endpoints.py:171",
      "text": "@app.post(\"/api/stocks/analyze\")",
      "issues": [
        "App"
      ],
      "severity": "medium"
    },
    {
      "location": "api/../backend/api_endpoints.py:187",
      "text": "@app.get(\"/api/stocks/search\")",
      "issues": [
        "App"
      ],
      "severity": "medium"
    },
    {
      "location": "api/../backend/api_endpoints.py:192",
      "text": "{\"symbol\": \"AAPL\", \"name\": \"Apple Inc.\", \"price\": 150.25, \"change\": \"+1.5%\"},",
      "issues": [
        "App"
      ],
      "severity": "medium"
    },
    {
      "location": "api/../backend/api_endpoints.py:210",
      "text": "@app.post(\"/api/portfolio/validate\")",
      "issues": [
        "App"
      ],
      "severity": "medium"
    },
    {
      "location": "api/../backend/api_endpoints.py:228",
      "text": "validation_result[\"errors\"].append(\"종목 심볼이 누락되었습니다.\")",
      "issues": [
        "App"
      ],
      "severity": "medium"
    },
    {
      "location": "api/../backend/api_endpoints.py:232",
      "text": "validation_result[\"warnings\"].append(f\"{symbol}: 수량이 0 이하입니다.\")",
      "issues": [
        "App"
      ],
      "severity": "medium"
    },
    {
      "location": "api/../backend/api_endpoints.py:243",
      "text": "@app.post(\"/auth/login\")",
      "issues": [
        "App"
      ],
      "severity": "medium"
    },
    {
      "location": "api/../backend/api_endpoints.py:264",
      "text": "@app.post(\"/auth/register\")",
      "issues": [
        "App"
      ],
      "severity": "medium"
    },
    {
      "location": "api/../backend/api_endpoints.py:283",
      "text": "@app.get(\"/auth/verify\")",
      "issues": [
        "App"
      ],
      "severity": "medium"
    },
    {
      "location": "api/../backend/api_endpoints.py:298",
      "text": "@app.post(\"/api/upload/csv\")",
      "issues": [
        "App"
      ],
      "severity": "medium"
    },
    {
      "location": "api/../backend/api_endpoints.py:310",
      "text": "allowed_types = [\"text/csv\", \"application/vnd.ms-excel\",",
      "issues": [
        "App"
      ],
      "severity": "medium"
    },
    {
      "location": "api/../backend/api_endpoints.py:311",
      "text": "\"application/vnd.openxmlformats-officedocument.spreadsheetml.sheet\"]",
      "issues": [
        "App"
      ],
      "severity": "medium"
    },
    {
      "location": "api/../backend/api_endpoints.py:381",
      "text": "uvicorn.run(app, host=\"0.0.0.0\", port=8001)",
      "issues": [
        "App"
      ],
      "severity": "medium"
    },
    {
      "location": "api/../backend/websocket_server.py:41",
      "text": "app = FastAPI(",
      "issues": [
        "App"
      ],
      "severity": "medium"
    },
    {
      "location": "api/../backend/websocket_server.py:48",
      "text": "app.add_middleware(",
      "issues": [
        "App"
      ],
      "severity": "medium"
    },
    {
      "location": "api/../backend/websocket_server.py:208",
      "text": "channels.append(\"us_news\")",
      "issues": [
        "App"
      ],
      "severity": "medium"
    },
    {
      "location": "api/../backend/websocket_server.py:212",
      "text": "channels.append(\"ai_signals\")",
      "issues": [
        "App"
      ],
      "severity": "medium"
    },
    {
      "location": "api/../backend/websocket_server.py:321",
      "text": "allowed_events.append(event)",
      "issues": [
        "App"
      ],
      "severity": "medium"
    },
    {
      "location": "api/../backend/websocket_server.py:323",
      "text": "denied_events.append(event)",
      "issues": [
        "App"
      ],
      "severity": "medium"
    },
    {
      "location": "api/../backend/websocket_server.py:463",
      "text": "stock_updates.append(stock_dict)",
      "issues": [
        "App"
      ],
      "severity": "medium"
    },
    {
      "location": "api/../backend/websocket_server.py:532",
      "text": "news_data.append(news_dict)",
      "issues": [
        "App"
      ],
      "severity": "medium"
    },
    {
      "location": "api/../backend/websocket_server.py:574",
      "text": "signals_data.append(signal_dict)",
      "issues": [
        "App"
      ],
      "severity": "medium"
    },
    {
      "location": "api/../backend/websocket_server.py:812",
      "text": "@app.websocket(\"/ws\")",
      "issues": [
        "App"
      ],
      "severity": "medium"
    },
    {
      "location": "api/../backend/websocket_server.py:857",
      "text": "@app.get(\"/\")",
      "issues": [
        "App"
      ],
      "severity": "medium"
    },
    {
      "location": "api/../backend/websocket_server.py:867",
      "text": "@app.get(\"/ws/stats\")",
      "issues": [
        "App"
      ],
      "severity": "medium"
    },
    {
      "location": "api/../backend/websocket_server.py:872",
      "text": "@app.get(\"/ws/rate-limit-stats\")",
      "issues": [
        "App"
      ],
      "severity": "medium"
    },
    {
      "location": "api/../backend/websocket_server.py:877",
      "text": "@app.post(\"/ws/rate-limit/block-client\")",
      "issues": [
        "App"
      ],
      "severity": "medium"
    },
    {
      "location": "api/../backend/websocket_server.py:883",
      "text": "@app.post(\"/ws/rate-limit/unblock-client\")",
      "issues": [
        "App"
      ],
      "severity": "medium"
    },
    {
      "location": "api/../backend/websocket_server.py:889",
      "text": "@app.get(\"/ws/rate-limit/client-status/{client_id}\")",
      "issues": [
        "App"
      ],
      "severity": "medium"
    },
    {
      "location": "api/../backend/websocket_server.py:998",
      "text": "@app.on_event(\"startup\")",
      "issues": [
        "App"
      ],
      "severity": "medium"
    },
    {
      "location": "api/../backend/websocket_server.py:1011",
      "text": "uvicorn.run(app, host=\"0.0.0.0\", port=8765)",
      "issues": [
        "App"
      ],
      "severity": "medium"
    },
    {
      "location": "api/../backend/dashboard_api.py:74",
      "text": "self.auth_events.append(event)",
      "issues": [
        "App"
      ],
      "severity": "medium"
    },
    {
      "location": "api/../backend/dashboard_api.py:86",
      "text": "self.channel_qps[channel].append(MetricDataPoint(current_time, count))",
      "issues": [
        "App"
      ],
      "severity": "medium"
    },
    {
      "location": "api/../backend/dashboard_api.py:92",
      "text": "self.metrics[\"openai_cost\"].append(MetricDataPoint(current_time, cost, {\"model\": model}))",
      "issues": [
        "App"
      ],
      "severity": "medium"
    },
    {
      "location": "api/../backend/dashboard_api.py:93",
      "text": "self.metrics[\"openai_tokens\"].append(MetricDataPoint(current_time, tokens_used, {\"model\": model}))",
      "issues": [
        "App"
      ],
      "severity": "medium"
    },
    {
      "location": "api/../backend/dashboard_api.py:227",
      "text": "app = FastAPI(",
      "issues": [
        "App"
      ],
      "severity": "medium"
    },
    {
      "location": "api/../backend/dashboard_api.py:234",
      "text": "app.add_middleware(",
      "issues": [
        "App"
      ],
      "severity": "medium"
    },
    {
      "location": "api/../backend/dashboard_api.py:253",
      "text": "@app.get(\"/\", response_class=HTMLResponse)",
      "issues": [
        "App"
      ],
      "severity": "medium"
    },
    {
      "location": "api/../backend/dashboard_api.py:347",
      "text": "@app.get(\"/api/health\")",
      "issues": [
        "App"
      ],
      "severity": "medium"
    },
    {
      "location": "api/../backend/dashboard_api.py:361",
      "text": "@app.get(\"/api/metrics/system\")",
      "issues": [
        "App"
      ],
      "severity": "medium"
    },
    {
      "location": "api/../backend/dashboard_api.py:366",
      "text": "@app.get(\"/api/metrics/auth\")",
      "issues": [
        "App"
      ],
      "severity": "medium"
    },
    {
      "location": "api/../backend/dashboard_api.py:371",
      "text": "@app.get(\"/api/metrics/openai\")",
      "issues": [
        "App"
      ],
      "severity": "medium"
    },
    {
      "location": "api/../backend/dashboard_api.py:376",
      "text": "@app.get(\"/api/metrics/rate-limit\")",
      "issues": [
        "App"
      ],
      "severity": "medium"
    },
    {
      "location": "api/../backend/dashboard_api.py:381",
      "text": "@app.get(\"/api/metrics/channels\")",
      "issues": [
        "App"
      ],
      "severity": "medium"
    },
    {
      "location": "api/../backend/dashboard_api.py:396",
      "text": "@app.get(\"/api/metrics/channels/{channel}\")",
      "issues": [
        "App"
      ],
      "severity": "medium"
    },
    {
      "location": "api/../backend/dashboard_api.py:405",
      "text": "@app.post(\"/api/events/auth\")",
      "issues": [
        "App"
      ],
      "severity": "medium"
    },
    {
      "location": "api/../backend/dashboard_api.py:416",
      "text": "@app.post(\"/api/events/channel/{channel}\")",
      "issues": [
        "App"
      ],
      "severity": "medium"
    },
    {
      "location": "api/../backend/dashboard_api.py:422",
      "text": "@app.post(\"/api/events/openai\")",
      "issues": [
        "App"
      ],
      "severity": "medium"
    },
    {
      "location": "api/../backend/dashboard_api.py:429",
      "text": "@app.on_event(\"startup\")",
      "issues": [
        "App"
      ],
      "severity": "medium"
    },
    {
      "location": "api/../backend/dashboard_api.py:443",
      "text": "uvicorn.run(app, host=\"0.0.0.0\", port=8003)",
      "issues": [
        "App"
      ],
      "severity": "medium"
    },
    {
      "location": "deploy/render.yaml:16",
      "text": "gunicorn main:app -w 4 -k uvicorn.workers.UvicornWorker --bind 0.0.0.0:$PORT --access-logfile - --error-logfile -",
      "issues": [
        "App"
      ],
      "severity": "medium"
    },
    {
      "location": "deploy/render.yaml:66",
      "text": "mountPath: /app/data",
      "issues": [
        "App"
      ],
      "severity": "medium"
    },
    {
      "location": "deploy/docker-compose.yml:50",
      "text": "- ./backend:/app",
      "issues": [
        "App"
      ],
      "severity": "medium"
    },
    {
      "location": "deploy/docker-compose.yml:51",
      "text": "- ./ai_engine:/app/ai_engine",
      "issues": [
        "App"
      ],
      "severity": "medium"
    },
    {
      "location": "deploy/docker-compose.yml:70",
      "text": "- ./frontend:/app",
      "issues": [
        "App"
      ],
      "severity": "medium"
    },
    {
      "location": "deploy/docker-compose.yml:71",
      "text": "- /app/node_modules",
      "issues": [
        "App"
      ],
      "severity": "medium"
    },
    {
      "location": "deploy/docker-compose.yml:84",
      "text": "command: celery -A app.celery worker --loglevel=info",
      "issues": [
        "App"
      ],
      "severity": "medium"
    },
    {
      "location": "deploy/docker-compose.yml:86",
      "text": "- ./backend:/app",
      "issues": [
        "App"
      ],
      "severity": "medium"
    },
    {
      "location": "deploy/docker-compose.yml:87",
      "text": "- ./ai_engine:/app/ai_engine",
      "issues": [
        "App"
      ],
      "severity": "medium"
    },
    {
      "location": "deploy/docker-compose.yml:110",
      "text": "command: celery -A app.celery beat --loglevel=info",
      "issues": [
        "App"
      ],
      "severity": "medium"
    },
    {
      "location": "deploy/docker-compose.yml:112",
      "text": "- ./backend:/app",
      "issues": [
        "App"
      ],
      "severity": "medium"
    }
  ],
  "correct_branding": [
    {
      "location": "package.json:name",
      "text": "stockpilot-frontend",
      "patterns_found": [
        "StockPilot"
      ]
    },
    {
      "location": "package.json:description",
      "text": "StockPilot AI 프론트엔드 - React 기반 웹 애플리케이션",
      "patterns_found": [
        "StockPilot"
      ]
    },
    {
      "location": "index.html:title",
      "text": "StockPilot AI - AI 투자 코파일럿",
      "patterns_found": [
        "StockPilot"
      ]
    },
    {
      "location": "index.html:meta_description",
      "text": "StockPilot AI - AI 기반 한국 주식 투자 코파일럿 플랫폼",
      "patterns_found": [
        "StockPilot"
      ]
    },
    {
      "location": "src/i18n/locales/ko.js:98",
      "text": "nameEn: 'StockPilot',",
      "patterns_found": [
        "StockPilot"
      ]
    },
    {
      "location": "api/../backend/api_endpoints.py:19",
      "text": "title=\"StockPilot API\",",
      "patterns_found": [
        "StockPilot"
      ]
    },
    {
      "location": "api/../backend/websocket_server.py:42",
      "text": "title=\"StockPilot WebSocket Server\",",
      "patterns_found": [
        "StockPilot"
      ]
    },
    {
      "location": "api/../backend/dashboard_api.py:228",
      "text": "title=\"StockPilot 운영 대시보드\",",
      "patterns_found": [
        "StockPilot"
      ]
    },
    {
      "location": "api/../backend/dashboard_api.py:260",
      "text": "<title>StockPilot 운영 대시보드</title>",
      "patterns_found": [
        "StockPilot"
      ]
    }
  ],
  "recommendations": [
    "⚠️ MEDIUM: 브랜딩 일관성 개선 - 모든 UI 요소에서 StockPilot 브랜딩 통일",
    "📝 브랜딩 개선이 필요합니다. 체계적인 브랜딩 업데이트 권장",
    "🔧 수정 가이드:",
    "  1. HTML title 태그: 'StockPilot - AI 투자 코파일럿'",
    "  2. package.json name: 'stockpilot-ai-frontend'",
    "  3. 로고/브랜드명: 일관되게 'StockPilot' 사용",
    "  4. 설명문: 'AI 기반 투자 코파일럿 플랫폼'",
    "  5. 환경 변수: REACT_APP_NAME=StockPilot"
  ],
  "file_analysis": {
    "src/App.tsx": {
      "total_lines": 232,
      "issues_found": 1,
      "correct_branding_found": 0,
      "issues": [
        {
          "line": 57,
          "content": "'-apple-system',",
          "issues": [
            "App"
          ]
        }
      ],
      "correct": []
    },
    "src/components/ui/Logo.jsx": {
      "total_lines": 298,
      "issues_found": 2,
      "correct_branding_found": 0,
      "issues": [
        {
          "line": 84,
          "content": "font-family: 'Pretendard', -apple-system, BlinkMacSystemFont, system-ui, sans-serif;",
          "issues": [
            "App"
          ]
        },
        {
          "line": 96,
          "content": "font-family: 'Pretendard', -apple-system, BlinkMacSystemFont, system-ui, sans-serif;",
          "issues": [
            "App"
          ]
        }
      ],
      "correct": []
    },
    "src/components/common/Layout.tsx": {
      "total_lines": 360,
      "issues_found": 0,
      "correct_branding_found": 0,
      "issues": [],
      "correct": []
    },
    "src/pages/Dashboard.tsx": {
      "total_lines": 639,
      "issues_found": 0,
      "correct_branding_found": 0,
      "issues": [],
      "correct": []
    },
    "src/i18n/locales/ko.js": {
      "total_lines": 663,
      "issues_found": 1,
      "correct_branding_found": 1,
      "issues": [
        {
          "line": 483,
          "content": "columnMapping: '컬럼 매핑',",
          "issues": [
            "App"
          ]
        }
      ],
      "correct": [
        {
          "line": 98,
          "content": "nameEn: 'StockPilot',",
          "patterns": [
            "StockPilot"
          ]
        }
      ]
    },
    "config/.env.example": {
      "total_lines": 23,
      "issues_found": 0,
      "correct_branding_found": 0,
      "issues": [],
      "correct": []
    },
    "config/.env.production": {
      "total_lines": 45,
      "issues_found": 0,
      "correct_branding_found": 0,
      "issues": [],
      "correct": []
    },
    "config/craco.config.js": {
      "total_lines": 147,
      "issues_found": 1,
      "correct_branding_found": 0,
      "issues": [
        {
          "line": 25,
          "content": "devServer.app.get('/health', (req, res) => {",
          "issues": [
            "App"
          ]
        }
      ],
      "correct": []
    },
    "config/nginx/nginx.conf": {
      "total_lines": 248,
      "issues_found": 5,
      "correct_branding_found": 0,
      "issues": [
        {
          "line": 19,
          "content": "default_type application/octet-stream;",
          "issues": [
            "App"
          ]
        },
        {
          "line": 55,
          "content": "application/javascript",
          "issues": [
            "App"
          ]
        },
        {
          "line": 56,
          "content": "application/xml+rss",
          "issues": [
            "App"
          ]
        },
        {
          "line": 57,
          "content": "application/json",
          "issues": [
            "App"
          ]
        },
        {
          "line": 63,
          "content": "# brotli_types text/plain text/css application/json application/javascript text/xml application/xml application/xml+rss text/javascript;",
          "issues": [
            "App"
          ]
        }
      ],
      "correct": []
    },
    "docs/README.md": {
      "total_lines": 220,
      "issues_found": 0,
      "correct_branding_found": 0,
      "issues": [],
      "correct": []
    },
    "docs/../backend/README.md": {
      "total_lines": 308,
      "issues_found": 13,
      "correct_branding_found": 0,
      "issues": [
        {
          "line": 51,
          "content": "python -m app.main",
          "issues": [
            "App"
          ]
        },
        {
          "line": 54,
          "content": "uvicorn app.main:app --host 0.0.0.0 --port 8000 --reload",
          "issues": [
            "App"
          ]
        },
        {
          "line": 59,
          "content": "uvicorn app.main:app --host 0.0.0.0 --port 8000 --workers 4",
          "issues": [
            "App"
          ]
        },
        {
          "line": 82,
          "content": "- `app/config.py` - 전체 애플리케이션 설정",
          "issues": [
            "App"
          ]
        },
        {
          "line": 83,
          "content": "- `app/models.py` - Pydantic 데이터 모델",
          "issues": [
            "App"
          ]
        },
        {
          "line": 101,
          "content": "-H \"Content-Type: application/json\"",
          "issues": [
            "App"
          ]
        },
        {
          "line": 137,
          "content": "├── app/",
          "issues": [
            "App"
          ]
        },
        {
          "line": 280,
          "content": "1. `app/api/v1/endpoints/` 에 파일 생성",
          "issues": [
            "App"
          ]
        },
        {
          "line": 281,
          "content": "2. `app/api/v1/api.py` 에 라우터 등록",
          "issues": [
            "App"
          ]
        },
        {
          "line": 282,
          "content": "3. 필요시 `app/models.py` 에 모델 추가",
          "issues": [
            "App"
          ]
        },
        {
          "line": 285,
          "content": "1. `app/services/` 에 서비스 클래스 생성",
          "issues": [
            "App"
          ]
        },
        {
          "line": 299,
          "content": "python -m app.main",
          "issues": [
            "App"
          ]
        },
        {
          "line": 302,
          "content": "LOG_LEVEL=DEBUG python -m app.main",
          "issues": [
            "App"
          ]
        }
      ],
      "correct": []
    },
    "api/../backend/api_endpoints.py": {
      "total_lines": 381,
      "issues_found": 20,
      "correct_branding_found": 1,
      "issues": [
        {
          "line": 18,
          "content": "app = FastAPI(",
          "issues": [
            "App"
          ]
        },
        {
          "line": 25,
          "content": "app.add_middleware(",
          "issues": [
            "App"
          ]
        },
        {
          "line": 64,
          "content": "app.add_event_handler(\"startup\", startup_event)",
          "issues": [
            "App"
          ]
        },
        {
          "line": 66,
          "content": "@app.get(\"/health\")",
          "issues": [
            "App"
          ]
        },
        {
          "line": 76,
          "content": "@app.get(\"/api/status\")",
          "issues": [
            "App"
          ]
        },
        {
          "line": 110,
          "content": "@app.get(\"/api/version\")",
          "issues": [
            "App"
          ]
        },
        {
          "line": 121,
          "content": "@app.get(\"/api/db/health\")",
          "issues": [
            "App"
          ]
        },
        {
          "line": 171,
          "content": "@app.post(\"/api/stocks/analyze\")",
          "issues": [
            "App"
          ]
        },
        {
          "line": 187,
          "content": "@app.get(\"/api/stocks/search\")",
          "issues": [
            "App"
          ]
        },
        {
          "line": 192,
          "content": "{\"symbol\": \"AAPL\", \"name\": \"Apple Inc.\", \"price\": 150.25, \"change\": \"+1.5%\"},",
          "issues": [
            "App"
          ]
        },
        {
          "line": 210,
          "content": "@app.post(\"/api/portfolio/validate\")",
          "issues": [
            "App"
          ]
        },
        {
          "line": 228,
          "content": "validation_result[\"errors\"].append(\"종목 심볼이 누락되었습니다.\")",
          "issues": [
            "App"
          ]
        },
        {
          "line": 232,
          "content": "validation_result[\"warnings\"].append(f\"{symbol}: 수량이 0 이하입니다.\")",
          "issues": [
            "App"
          ]
        },
        {
          "line": 243,
          "content": "@app.post(\"/auth/login\")",
          "issues": [
            "App"
          ]
        },
        {
          "line": 264,
          "content": "@app.post(\"/auth/register\")",
          "issues": [
            "App"
          ]
        },
        {
          "line": 283,
          "content": "@app.get(\"/auth/verify\")",
          "issues": [
            "App"
          ]
        },
        {
          "line": 298,
          "content": "@app.post(\"/api/upload/csv\")",
          "issues": [
            "App"
          ]
        },
        {
          "line": 310,
          "content": "allowed_types = [\"text/csv\", \"application/vnd.ms-excel\",",
          "issues": [
            "App"
          ]
        },
        {
          "line": 311,
          "content": "\"application/vnd.openxmlformats-officedocument.spreadsheetml.sheet\"]",
          "issues": [
            "App"
          ]
        },
        {
          "line": 381,
          "content": "uvicorn.run(app, host=\"0.0.0.0\", port=8001)",
          "issues": [
            "App"
          ]
        }
      ],
      "correct": [
        {
          "line": 19,
          "content": "title=\"StockPilot API\",",
          "patterns": [
            "StockPilot"
          ]
        }
      ]
    },
    "api/../backend/websocket_server.py": {
      "total_lines": 1011,
      "issues_found": 18,
      "correct_branding_found": 1,
      "issues": [
        {
          "line": 41,
          "content": "app = FastAPI(",
          "issues": [
            "App"
          ]
        },
        {
          "line": 48,
          "content": "app.add_middleware(",
          "issues": [
            "App"
          ]
        },
        {
          "line": 208,
          "content": "channels.append(\"us_news\")",
          "issues": [
            "App"
          ]
        },
        {
          "line": 212,
          "content": "channels.append(\"ai_signals\")",
          "issues": [
            "App"
          ]
        },
        {
          "line": 321,
          "content": "allowed_events.append(event)",
          "issues": [
            "App"
          ]
        },
        {
          "line": 323,
          "content": "denied_events.append(event)",
          "issues": [
            "App"
          ]
        },
        {
          "line": 463,
          "content": "stock_updates.append(stock_dict)",
          "issues": [
            "App"
          ]
        },
        {
          "line": 532,
          "content": "news_data.append(news_dict)",
          "issues": [
            "App"
          ]
        },
        {
          "line": 574,
          "content": "signals_data.append(signal_dict)",
          "issues": [
            "App"
          ]
        },
        {
          "line": 812,
          "content": "@app.websocket(\"/ws\")",
          "issues": [
            "App"
          ]
        },
        {
          "line": 857,
          "content": "@app.get(\"/\")",
          "issues": [
            "App"
          ]
        },
        {
          "line": 867,
          "content": "@app.get(\"/ws/stats\")",
          "issues": [
            "App"
          ]
        },
        {
          "line": 872,
          "content": "@app.get(\"/ws/rate-limit-stats\")",
          "issues": [
            "App"
          ]
        },
        {
          "line": 877,
          "content": "@app.post(\"/ws/rate-limit/block-client\")",
          "issues": [
            "App"
          ]
        },
        {
          "line": 883,
          "content": "@app.post(\"/ws/rate-limit/unblock-client\")",
          "issues": [
            "App"
          ]
        },
        {
          "line": 889,
          "content": "@app.get(\"/ws/rate-limit/client-status/{client_id}\")",
          "issues": [
            "App"
          ]
        },
        {
          "line": 998,
          "content": "@app.on_event(\"startup\")",
          "issues": [
            "App"
          ]
        },
        {
          "line": 1011,
          "content": "uvicorn.run(app, host=\"0.0.0.0\", port=8765)",
          "issues": [
            "App"
          ]
        }
      ],
      "correct": [
        {
          "line": 42,
          "content": "title=\"StockPilot WebSocket Server\",",
          "patterns": [
            "StockPilot"
          ]
        }
      ]
    },
    "api/../backend/dashboard_api.py": {
      "total_lines": 443,
      "issues_found": 19,
      "correct_branding_found": 2,
      "issues": [
        {
          "line": 74,
          "content": "self.auth_events.append(event)",
          "issues": [
            "App"
          ]
        },
        {
          "line": 86,
          "content": "self.channel_qps[channel].append(MetricDataPoint(current_time, count))",
          "issues": [
            "App"
          ]
        },
        {
          "line": 92,
          "content": "self.metrics[\"openai_cost\"].append(MetricDataPoint(current_time, cost, {\"model\": model}))",
          "issues": [
            "App"
          ]
        },
        {
          "line": 93,
          "content": "self.metrics[\"openai_tokens\"].append(MetricDataPoint(current_time, tokens_used, {\"model\": model}))",
          "issues": [
            "App"
          ]
        },
        {
          "line": 227,
          "content": "app = FastAPI(",
          "issues": [
            "App"
          ]
        },
        {
          "line": 234,
          "content": "app.add_middleware(",
          "issues": [
            "App"
          ]
        },
        {
          "line": 253,
          "content": "@app.get(\"/\", response_class=HTMLResponse)",
          "issues": [
            "App"
          ]
        },
        {
          "line": 347,
          "content": "@app.get(\"/api/health\")",
          "issues": [
            "App"
          ]
        },
        {
          "line": 361,
          "content": "@app.get(\"/api/metrics/system\")",
          "issues": [
            "App"
          ]
        },
        {
          "line": 366,
          "content": "@app.get(\"/api/metrics/auth\")",
          "issues": [
            "App"
          ]
        },
        {
          "line": 371,
          "content": "@app.get(\"/api/metrics/openai\")",
          "issues": [
            "App"
          ]
        },
        {
          "line": 376,
          "content": "@app.get(\"/api/metrics/rate-limit\")",
          "issues": [
            "App"
          ]
        },
        {
          "line": 381,
          "content": "@app.get(\"/api/metrics/channels\")",
          "issues": [
            "App"
          ]
        },
        {
          "line": 396,
          "content": "@app.get(\"/api/metrics/channels/{channel}\")",
          "issues": [
            "App"
          ]
        },
        {
          "line": 405,
          "content": "@app.post(\"/api/events/auth\")",
          "issues": [
            "App"
          ]
        },
        {
          "line": 416,
          "content": "@app.post(\"/api/events/channel/{channel}\")",
          "issues": [
            "App"
          ]
        },
        {
          "line": 422,
          "content": "@app.post(\"/api/events/openai\")",
          "issues": [
            "App"
          ]
        },
        {
          "line": 429,
          "content": "@app.on_event(\"startup\")",
          "issues": [
            "App"
          ]
        },
        {
          "line": 443,
          "content": "uvicorn.run(app, host=\"0.0.0.0\", port=8003)",
          "issues": [
            "App"
          ]
        }
      ],
      "correct": [
        {
          "line": 228,
          "content": "title=\"StockPilot 운영 대시보드\",",
          "patterns": [
            "StockPilot"
          ]
        },
        {
          "line": 260,
          "content": "<title>StockPilot 운영 대시보드</title>",
          "patterns": [
            "StockPilot"
          ]
        }
      ]
    },
    "deploy/render.yaml": {
      "total_lines": 160,
      "issues_found": 2,
      "correct_branding_found": 0,
      "issues": [
        {
          "line": 16,
          "content": "gunicorn main:app -w 4 -k uvicorn.workers.UvicornWorker --bind 0.0.0.0:$PORT --access-logfile - --error-logfile -",
          "issues": [
            "App"
          ]
        },
        {
          "line": 66,
          "content": "mountPath: /app/data",
          "issues": [
            "App"
          ]
        }
      ],
      "correct": []
    },
    "deploy/docker-compose.yml": {
      "total_lines": 194,
      "issues_found": 9,
      "correct_branding_found": 0,
      "issues": [
        {
          "line": 50,
          "content": "- ./backend:/app",
          "issues": [
            "App"
          ]
        },
        {
          "line": 51,
          "content": "- ./ai_engine:/app/ai_engine",
          "issues": [
            "App"
          ]
        },
        {
          "line": 70,
          "content": "- ./frontend:/app",
          "issues": [
            "App"
          ]
        },
        {
          "line": 71,
          "content": "- /app/node_modules",
          "issues": [
            "App"
          ]
        },
        {
          "line": 84,
          "content": "command: celery -A app.celery worker --loglevel=info",
          "issues": [
            "App"
          ]
        },
        {
          "line": 86,
          "content": "- ./backend:/app",
          "issues": [
            "App"
          ]
        },
        {
          "line": 87,
          "content": "- ./ai_engine:/app/ai_engine",
          "issues": [
            "App"
          ]
        },
        {
          "line": 110,
          "content": "command: celery -A app.celery beat --loglevel=info",
          "issues": [
            "App"
          ]
        },
        {
          "line": 112,
          "content": "- ./backend:/app",
          "issues": [
            "App"
          ]
        }
      ],
      "correct": []
    }
  },
  "timestamp": "2025-09-11T16:02:02.657011",
  "summary": {
    "total_files_checked": 16,
    "total_issues": 91,
    "total_correct": 9,
    "branding_score": 9.0,
    "severity_breakdown": {
      "high": 0,
      "medium": 91,
      "low": 0
    }
  }
}